driver,lap,base_lap_time,compound,tyre_age,delta_if_held_up,is_pit_lap,pit_loss
ALB,1,91.479,medium,1,0.0,False,0.0
ALB,2,112.152,medium,2,0.0,False,0.0
ALB,3,108.346,medium,3,0.0,False,0.0
ALB,4,96.006,medium,4,0.0,False,0.0
ALB,5,80.465,medium,5,0.0,False,0.0
ALB,6,81.426,medium,6,0.0,False,0.0
ALB,7,81.287,medium,7,0.0,False,0.0
ALB,8,80.471,medium,8,0.0,False,0.0
ALB,9,84.151,medium,9,0.0,False,0.0
ALB,10,81.528,medium,10,0.0,False,0.0
ALB,11,79.447,medium,11,0.0,False,0.0
ALB,12,79.66,medium,12,0.0,False,0.0
ALB,13,79.244,medium,13,0.0,False,0.0
ALB,14,79.817,medium,14,0.0,False,0.0
ALB,15,80.143,medium,15,0.0,False,0.0
ALB,16,80.692,medium,16,0.0,False,0.0
ALB,17,80.978,medium,17,0.0,False,0.0
ALB,18,80.235,medium,18,0.0,False,0.0
ALB,19,79.279,medium,19,0.0,False,0.0
ALB,20,77.928,medium,20,0.0,False,0.0
ALB,21,77.096,medium,21,0.0,False,0.0
ALB,22,77.001,medium,22,0.0,False,0.0
ALB,23,76.556,medium,23,0.0,False,0.0
ALB,24,76.954,medium,24,0.0,False,0.0
ALB,25,77.653,medium,25,0.0,False,0.0
ALB,26,77.264,medium,26,0.0,False,0.0
ALB,27,77.185,medium,27,0.0,False,0.0
ALB,28,76.701,medium,28,0.0,False,0.0
ALB,29,76.969,medium,29,0.0,False,0.0
ALB,30,76.888,medium,30,0.0,False,0.0
ALB,31,76.87,medium,31,0.0,False,0.0
ALB,32,77.3265,medium,1,0.0,True,15.667500000000004
ALB,33,77.3265,medium,1,0.0,True,4.909500000000008
ALB,34,80.232,medium,1,0.0,False,0.0
ALB,35,76.381,medium,2,0.0,False,0.0
ALB,36,76.185,medium,3,0.0,False,0.0
ALB,37,76.153,medium,4,0.0,False,0.0
ALB,38,75.529,medium,5,0.0,False,0.0
ALB,39,75.303,medium,6,0.0,False,0.0
ALB,40,77.3265,medium,1,0.0,True,14.82950000000001
ALB,41,77.3265,hard,1,0.0,True,4.0715
ALB,42,78.819,hard,1,0.5242499999999964,False,0.0
ALB,43,78.638,hard,2,0.0,False,0.0
ALB,44,79.225,hard,3,0.0,False,0.0
ALB,45,79.224,hard,4,0.0,False,0.0
ALB,46,79.332,hard,5,0.0,False,0.0
ALB,47,79.173,hard,6,0.0,False,0.0
ALB,48,80.193,hard,7,0.0,False,0.0
ALB,49,78.234,hard,8,0.0,False,0.0
ALB,50,79.166,hard,9,0.0,False,0.0
ALB,51,79.828,hard,10,0.0,False,0.0
ALB,52,80.13,hard,11,0.0,False,0.0
ALB,53,79.403,hard,12,0.0,False,0.0
ALB,54,77.389,hard,13,0.0,False,0.0
ALB,55,77.086,hard,14,0.0,False,0.0
ALB,56,79.159,hard,15,0.0,False,0.0
ALB,57,76.136,hard,16,0.0,False,0.0
ALB,58,75.795,hard,17,0.0,False,0.0
ALB,59,75.509,hard,18,0.0,False,0.0
ALB,60,75.726,hard,19,1.427850000000001,False,0.0
ALB,61,76.046,hard,20,1.427850000000001,False,0.0
ALB,62,76.37,hard,21,0.0,False,0.0
ALB,63,75.082,hard,22,0.0,False,0.0
ALB,64,76.228,hard,23,0.0,False,0.0
ALB,65,75.156,hard,24,0.0,False,0.0
ALB,66,74.87,hard,25,0.0,False,0.0
ALB,67,74.928,hard,26,0.0,False,0.0
ALB,68,74.885,hard,27,0.0,False,0.0
ALB,69,76.79,hard,28,0.0,False,0.0
ALB,70,76.01,hard,29,0.0,False,0.0
ALB,71,75.751,hard,30,0.0,False,0.0
ALB,72,75.87,hard,31,0.0,False,0.0
ALB,73,75.15,hard,32,0.0,False,0.0
ALB,74,74.597,hard,33,0.0,False,0.0
ALB,75,74.6,hard,34,0.0,False,0.0
ALB,76,74.776,hard,35,0.0,False,0.0
ALO,1,88.332,hard,1,0.15,False,0.0
ALO,2,107.072,hard,2,0.15,False,0.0
ALO,3,109.211,hard,3,0.15,False,0.0
ALO,4,99.675,hard,4,0.15,False,0.0
ALO,5,80.94,hard,5,0.15,False,0.0
ALO,6,80.424,hard,6,0.0,False,0.0
ALO,7,80.222,hard,7,0.0,False,0.0
ALO,8,79.105,hard,8,0.0,False,0.0
ALO,9,82.183,hard,9,0.0,False,0.0
ALO,10,80.167,hard,10,0.0,False,0.0
ALO,11,77.469,hard,11,0.0,False,0.0
ALO,12,77.319,hard,12,0.0,False,0.0
ALO,13,76.411,hard,13,0.0,False,0.0
ALO,14,76.295,hard,14,0.0,False,0.0
ALO,15,75.593,hard,15,0.0,False,0.0
ALO,16,77.333,hard,1,0.0,True,16.835000000000008
ALO,17,77.333,hard,1,0.0,True,2.950000000000003
ALO,18,76.84,hard,1,0.0,False,0.0
ALO,19,77.226,hard,2,0.0,False,0.0
ALO,20,77.267,hard,3,0.0,False,0.0
ALO,21,77.921,hard,4,0.0,False,0.0
ALO,22,78.938,hard,5,0.0,False,0.0
ALO,23,77.947,hard,6,0.0,False,0.0
ALO,24,77.748,hard,7,0.0,False,0.0
ALO,25,77.685,hard,8,0.0,False,0.0
ALO,26,76.293,hard,9,0.0,False,0.0
ALO,27,76.744,hard,10,0.0,False,0.0
ALO,28,76.414,hard,11,0.0,False,0.0
ALO,29,76.279,hard,12,0.0,False,0.0
ALO,30,77.307,hard,13,0.0,False,0.0
ALO,31,76.142,hard,14,0.0,False,0.0
ALO,32,76.088,hard,15,0.0,False,0.0
ALO,33,75.823,hard,16,0.0,False,0.0
ALO,34,77.347,hard,17,0.0,False,0.0
ALO,35,76.024,hard,18,0.0,False,0.0
ALO,36,76.2,hard,19,0.0,False,0.0
ALO,37,,hard,20,0.0,False,0.0
ANT,1,94.721,hard,1,0.0,False,0.0
ANT,2,111.408,hard,2,0.0,False,0.0
ANT,3,108.871,hard,3,0.0,False,0.0
ANT,4,96.575,hard,4,0.0,False,0.0
ANT,5,80.377,hard,5,0.0,False,0.0
ANT,6,80.757,hard,6,0.0,False,0.0
ANT,7,81.194,hard,7,0.0,False,0.0
ANT,8,80.877,hard,8,0.0,False,0.0
ANT,9,83.326,hard,9,0.0,False,0.0
ANT,10,81.523,hard,10,0.0,False,0.0
ANT,11,79.894,hard,11,0.0,False,0.0
ANT,12,79.788,hard,12,0.0,False,0.0
ANT,13,78.868,hard,13,0.0,False,0.0
ANT,14,79.075,hard,14,0.0,False,0.0
ANT,15,79.858,hard,15,0.0,False,0.0
ANT,16,80.745,hard,16,0.0,False,0.0
ANT,17,81.182,hard,17,0.0,False,0.0
ANT,18,80.136,hard,18,0.0,False,0.0
ANT,19,79.624,hard,19,0.0,False,0.0
ANT,20,78.842,hard,20,0.0,False,0.0
ANT,21,77.914,hard,21,0.0,False,0.0
ANT,22,77.273,hard,22,0.0,False,0.0
ANT,23,76.973,hard,23,0.0,False,0.0
ANT,24,76.939,hard,24,0.0,False,0.0
ANT,25,78.777,hard,25,0.0,False,0.0
ANT,26,79.479,hard,26,0.0,False,0.0
ANT,27,79.446,hard,27,0.0,False,0.0
ANT,28,79.91,hard,28,0.0,False,0.0
ANT,29,79.074,hard,29,0.0,False,0.0
ANT,30,80.406,hard,30,0.0,False,0.0
ANT,31,79.809,hard,31,0.0,False,0.0
ANT,32,79.689,hard,32,0.0,False,0.0
ANT,33,79.344,hard,33,0.0,False,0.0
ANT,34,78.763,hard,34,0.0,False,0.0
ANT,35,79.458,hard,35,0.0,False,0.0
ANT,36,79.869,hard,36,0.0,False,0.0
ANT,37,78.87,hard,37,0.0,False,0.0
ANT,38,78.381,hard,38,0.0,False,0.0
ANT,39,78.721,hard,39,0.0,False,0.0
ANT,40,78.95,hard,40,0.0,False,0.0
ANT,41,78.06,hard,41,0.0,False,0.0
ANT,42,77.12,hard,42,0.0,False,0.0
ANT,43,78.31,hard,43,0.0,False,0.0
ANT,44,78.885,hard,44,0.0,False,0.0
ANT,45,79.251,hard,45,0.0,False,0.0
ANT,46,79.265,hard,46,0.0,False,0.0
ANT,47,80.131,hard,47,0.0,False,0.0
ANT,48,78.844,hard,48,0.0,False,0.0
ANT,49,78.328,hard,49,0.0,False,0.0
ANT,50,79.093,hard,50,0.0,False,0.0
ANT,51,80.341,hard,51,0.0,False,0.0
ANT,52,81.962,hard,52,0.0,False,0.0
ANT,53,79.263,hard,53,0.0,False,0.0
ANT,54,79.603,hard,54,0.0,False,0.0
ANT,55,78.966,hard,55,0.0,False,0.0
ANT,56,78.296,hard,56,0.0,False,0.0
ANT,57,78.511,hard,57,0.0,False,0.0
ANT,58,78.393,hard,58,0.0,False,0.0
ANT,59,79.056,hard,59,0.0,False,0.0
ANT,60,78.697,hard,60,0.0,False,0.0
ANT,61,78.59,hard,61,0.0,False,0.0
ANT,62,78.448,hard,62,0.0,False,0.0
ANT,63,78.884,hard,63,0.0,False,0.0
ANT,64,78.457,hard,64,0.0,False,0.0
ANT,65,77.696,hard,65,0.0,False,0.0
ANT,66,77.398,hard,66,0.0,False,0.0
ANT,67,75.551,hard,67,0.0,False,0.0
ANT,68,75.019,hard,68,0.0,False,0.0
ANT,69,79.074,hard,1,0.0,True,15.046999999999997
ANT,70,79.074,medium,1,0.0,True,0.42900000000000205
ANT,71,79.074,medium,1,0.0,True,12.438000000000002
ANT,72,79.074,hard,1,0.0,True,-0.06499999999999773
ANT,73,73.651,hard,1,0.0,False,0.0
ANT,74,73.518,hard,2,0.0,False,0.0
ANT,75,74.834,hard,3,0.0,False,0.0
BEA,1,78.395,medium,1,0.0,True,61.53699999999999
BEA,2,78.395,hard,1,0.0,True,32.259
BEA,3,110.334,hard,1,0.0,False,0.0
BEA,4,82.127,hard,2,0.0,False,0.0
BEA,5,75.576,hard,3,0.0,False,0.0
BEA,6,74.855,hard,4,0.0,False,0.0
BEA,7,75.058,hard,5,0.0,False,0.0
BEA,8,78.303,hard,6,0.0,False,0.0
BEA,9,76.467,hard,7,0.0,False,0.0
BEA,10,79.555,hard,8,0.45855000000000246,False,0.0
BEA,11,80.017,hard,9,0.45855000000000246,False,0.0
BEA,12,79.401,hard,10,0.45855000000000246,False,0.0
BEA,13,79.68,hard,11,0.45855000000000246,False,0.0
BEA,14,78.386,hard,12,0.45855000000000246,False,0.0
BEA,15,79.194,hard,13,0.45855000000000246,False,0.0
BEA,16,80.638,hard,14,0.45855000000000246,False,0.0
BEA,17,78.395,hard,1,0.0,True,19.471000000000004
BEA,18,78.395,medium,1,0.3357000000000042,True,0.03100000000000591
BEA,19,76.285,medium,1,0.3357000000000042,False,0.0
BEA,20,76.53,medium,2,0.3357000000000042,False,0.0
BEA,21,77.189,medium,3,0.3357000000000042,False,0.0
BEA,22,76.562,medium,4,0.3357000000000042,False,0.0
BEA,23,76.542,medium,5,0.3357000000000042,False,0.0
BEA,24,77.056,medium,6,0.3357000000000042,False,0.0
BEA,25,78.369,medium,7,0.0,False,0.0
BEA,26,78.034,medium,8,0.3357000000000042,False,0.0
BEA,27,77.0,medium,9,0.3357000000000042,False,0.0
BEA,28,77.126,medium,10,0.3357000000000042,False,0.0
BEA,29,81.565,medium,11,0.0,False,0.0
BEA,30,78.778,medium,12,0.3357000000000042,False,0.0
BEA,31,79.927,medium,13,0.3357000000000042,False,0.0
BEA,32,80.227,medium,14,0.3357000000000042,False,0.0
BEA,33,78.784,medium,15,0.0,False,0.0
BEA,34,79.725,medium,16,0.3357000000000042,False,0.0
BEA,35,78.006,medium,17,0.3357000000000042,False,0.0
BEA,36,79.059,medium,18,0.3357000000000042,False,0.0
BEA,37,78.885,medium,19,0.3357000000000042,False,0.0
BEA,38,78.333,medium,20,0.3357000000000042,False,0.0
BEA,39,78.791,medium,21,0.3357000000000042,False,0.0
BEA,40,78.768,medium,22,0.3357000000000042,False,0.0
BEA,41,78.741,medium,23,0.3357000000000042,False,0.0
BEA,42,77.424,medium,24,0.3357000000000042,False,0.0
BEA,43,77.648,medium,25,0.3357000000000042,False,0.0
BEA,44,78.511,medium,26,0.3357000000000042,False,0.0
BEA,45,79.057,medium,27,0.3357000000000042,False,0.0
BEA,46,79.294,medium,28,0.3357000000000042,False,0.0
BEA,47,80.078,medium,29,0.3357000000000042,False,0.0
BEA,48,78.965,medium,30,0.3357000000000042,False,0.0
BEA,49,77.921,medium,31,0.3357000000000042,False,0.0
BEA,50,79.103,medium,32,0.3357000000000042,False,0.0
BEA,51,82.205,medium,33,0.0,False,0.0
BEA,52,79.988,medium,34,0.3357000000000042,False,0.0
BEA,53,80.306,medium,35,0.0,False,0.0
BEA,54,78.82,medium,36,0.3357000000000042,False,0.0
BEA,55,78.659,medium,37,0.3357000000000042,False,0.0
BEA,56,78.306,medium,38,0.3357000000000042,False,0.0
BEA,57,78.584,medium,39,0.3357000000000042,False,0.0
BEA,58,78.038,medium,40,0.3357000000000042,False,0.0
BEA,59,79.233,medium,41,0.3357000000000042,False,0.0
BEA,60,78.669,medium,42,0.3357000000000042,False,0.0
BEA,61,78.715,medium,43,0.3357000000000042,False,0.0
BEA,62,78.364,medium,44,0.3357000000000042,False,0.0
BEA,63,78.836,medium,45,0.3357000000000042,False,0.0
BEA,64,78.404,medium,46,0.45855000000000246,False,0.0
BEA,65,77.177,medium,47,0.45855000000000246,False,0.0
BEA,66,77.748,medium,48,0.45855000000000246,False,0.0
BEA,67,76.362,medium,49,0.45855000000000246,False,0.0
BEA,68,77.602,medium,50,0.0,False,0.0
BEA,69,76.187,medium,51,0.45855000000000246,False,0.0
BEA,70,76.663,medium,52,0.45855000000000246,False,0.0
BEA,71,75.748,medium,53,0.45855000000000246,False,0.0
BEA,72,75.427,medium,54,0.0,False,0.0
BEA,73,75.355,medium,55,0.0,False,0.0
BEA,74,75.365,medium,56,0.0,False,0.0
BEA,75,75.799,medium,57,0.0,False,0.0
BEA,76,77.224,medium,58,0.0,False,0.0
BOR,1,78.24000000000001,medium,1,0.0,True,67.32399999999998
BOR,2,78.24000000000001,hard,1,0.0,True,31.505999999999986
BOR,3,109.362,hard,1,0.0,False,0.0
BOR,4,83.609,hard,2,0.0,False,0.0
BOR,5,76.394,hard,3,0.0,False,0.0
BOR,6,75.757,hard,4,0.0,False,0.0
BOR,7,75.721,hard,5,0.0,False,0.0
BOR,8,78.331,hard,6,0.0,False,0.0
BOR,9,78.411,hard,7,0.0,False,0.0
BOR,10,76.782,hard,8,0.0,False,0.0
BOR,11,76.256,hard,9,0.0,False,0.0
BOR,12,77.804,hard,10,0.0,False,0.0
BOR,13,79.088,hard,11,0.15,False,0.0
BOR,14,78.481,hard,12,0.15,False,0.0
BOR,15,78.647,hard,13,0.15,False,0.0
BOR,16,80.378,hard,14,0.15,False,0.0
BOR,17,80.937,hard,15,0.5980499999999908,False,0.0
BOR,18,79.222,hard,16,0.5980499999999908,False,0.0
BOR,19,79.729,hard,17,0.5980499999999908,False,0.0
BOR,20,79.335,hard,18,0.5980499999999908,False,0.0
BOR,21,77.718,hard,19,0.5980499999999908,False,0.0
BOR,22,77.664,hard,20,0.5980499999999908,False,0.0
BOR,23,77.216,hard,21,0.0,False,0.0
BOR,24,77.286,hard,22,0.0,False,0.0
BOR,25,77.965,hard,23,0.0,False,0.0
BOR,26,78.24000000000001,hard,1,0.0,True,17.934999999999988
BOR,27,78.24000000000001,soft,1,0.0,True,1.968999999999994
BOR,28,76.02,soft,1,0.0,False,0.0
BOR,29,75.193,soft,2,0.0,False,0.0
BOR,30,75.543,soft,3,0.0,False,0.0
BOR,31,78.214,soft,4,0.0,False,0.0
BOR,32,79.347,soft,5,0.15,False,0.0
BOR,33,79.276,soft,6,0.15,False,0.0
BOR,34,79.276,soft,7,0.15,False,0.0
BOR,35,78.24000000000001,soft,1,0.0,True,17.00699999999999
BOR,36,78.24000000000001,medium,1,0.0,True,0.3669999999999902
BOR,37,74.884,medium,1,0.0,False,0.0
BOR,38,74.97,medium,2,0.0,False,0.0
BOR,39,75.888,medium,3,0.0,False,0.0
BOR,40,76.335,medium,4,0.0,False,0.0
BOR,41,76.847,medium,5,0.0,False,0.0
BOR,42,77.678,medium,6,0.0,False,0.0
BOR,43,77.037,medium,7,0.0,False,0.0
BOR,44,78.35,medium,8,0.2033999999999992,False,0.0
BOR,45,78.458,medium,9,0.2033999999999992,False,0.0
BOR,46,79.853,medium,10,0.2033999999999992,False,0.0
BOR,47,80.127,medium,11,0.2033999999999992,False,0.0
BOR,48,78.016,medium,12,0.2033999999999992,False,0.0
BOR,49,78.411,medium,13,0.2033999999999992,False,0.0
BOR,50,79.679,medium,14,0.2033999999999992,False,0.0
BOR,51,80.698,medium,15,0.2033999999999992,False,0.0
BOR,52,80.809,medium,16,0.2033999999999992,False,0.0
BOR,53,79.965,medium,17,0.2033999999999992,False,0.0
BOR,54,78.704,medium,18,0.2033999999999992,False,0.0
BOR,55,78.823,medium,19,0.2033999999999992,False,0.0
BOR,56,78.451,medium,20,0.2033999999999992,False,0.0
BOR,57,78.438,medium,21,0.2033999999999992,False,0.0
BOR,58,78.118,medium,22,0.2033999999999992,False,0.0
BOR,59,78.997,medium,23,0.2033999999999992,False,0.0
BOR,60,78.808,medium,24,0.2033999999999992,False,0.0
BOR,61,78.797,medium,25,0.2033999999999992,False,0.0
BOR,62,78.266,medium,26,0.2033999999999992,False,0.0
BOR,63,78.906,medium,27,0.2033999999999992,False,0.0
BOR,64,82.158,medium,28,0.0,False,0.0
BOR,65,78.96,medium,29,0.0,False,0.0
BOR,66,77.324,medium,30,0.0,False,0.0
BOR,67,77.412,medium,31,0.0,False,0.0
BOR,68,77.248,medium,32,0.0,False,0.0
BOR,69,76.985,medium,33,0.0,False,0.0
BOR,70,77.096,medium,34,0.0,False,0.0
BOR,71,76.484,medium,35,0.0,False,0.0
BOR,72,76.624,medium,36,0.0,False,0.0
BOR,73,76.774,medium,37,0.0,False,0.0
BOR,74,76.831,medium,38,0.0,False,0.0
BOR,75,76.681,medium,39,0.0,False,0.0
BOR,76,76.867,medium,40,0.0,False,0.0
COL,1,96.577,hard,1,0.0,False,0.0
COL,2,110.894,hard,2,0.0,False,0.0
COL,3,108.913,hard,3,0.0,False,0.0
COL,4,96.476,hard,4,0.0,False,0.0
COL,5,79.999,hard,5,0.5471999999999909,False,0.0
COL,6,80.746,hard,6,0.5471999999999909,False,0.0
COL,7,80.915,hard,7,0.5471999999999909,False,0.0
COL,8,80.987,hard,8,0.5471999999999909,False,0.0
COL,9,83.197,hard,9,0.5471999999999909,False,0.0
COL,10,81.709,hard,10,0.5471999999999909,False,0.0
COL,11,79.851,hard,11,0.5471999999999909,False,0.0
COL,12,79.827,hard,12,0.5471999999999909,False,0.0
COL,13,78.46600000000001,hard,1,0.0,True,17.450999999999993
COL,14,78.46600000000001,medium,1,0.0,True,1.5959999999999894
COL,15,75.509,medium,1,0.0,False,0.0
COL,16,75.435,medium,2,0.0,False,0.0
COL,17,77.547,medium,3,0.2105999999999952,False,0.0
COL,18,78.351,medium,4,0.2105999999999952,False,0.0
COL,19,78.851,medium,5,0.2105999999999952,False,0.0
COL,20,79.296,medium,6,0.2105999999999952,False,0.0
COL,21,78.214,medium,7,0.2105999999999952,False,0.0
COL,22,77.808,medium,8,0.2105999999999952,False,0.0
COL,23,77.626,medium,9,0.2105999999999952,False,0.0
COL,24,77.233,medium,10,0.0,False,0.0
COL,25,77.209,medium,11,0.2105999999999952,False,0.0
COL,26,78.46600000000001,medium,1,0.0,True,17.105999999999995
COL,27,78.46600000000001,medium,1,0.0,True,1.7709999999999866
COL,28,78.135,medium,1,0.0,False,0.0
COL,29,75.914,medium,2,0.0,False,0.0
COL,30,75.298,medium,3,0.0,False,0.0
COL,31,76.007,medium,4,0.0,False,0.0
COL,32,79.845,medium,5,0.0,False,0.0
COL,33,78.528,medium,6,0.0,False,0.0
COL,34,78.704,medium,7,0.0,False,0.0
COL,35,78.67,medium,8,0.0,False,0.0
COL,36,77.955,medium,9,0.0,False,0.0
COL,37,78.66,medium,10,0.0,False,0.0
COL,38,78.728,medium,11,0.0,False,0.0
COL,39,78.889,medium,12,0.0,False,0.0
COL,40,78.443,medium,13,0.0,False,0.0
COL,41,78.866,medium,14,0.0,False,0.0
COL,42,77.798,medium,15,0.0,False,0.0
COL,43,77.541,medium,16,0.0,False,0.0
COL,44,78.439,medium,17,0.0,False,0.0
COL,45,78.71,medium,18,0.0,False,0.0
COL,46,80.19,medium,19,0.0,False,0.0
COL,47,79.889,medium,20,0.0,False,0.0
COL,48,78.24,medium,21,0.0,False,0.0
COL,49,78.159,medium,22,0.0,False,0.0
COL,50,79.965,medium,23,0.0,False,0.0
COL,51,80.722,medium,24,0.0,False,0.0
COL,52,80.423,medium,25,0.0,False,0.0
COL,53,80.255,medium,26,0.0,False,0.0
COL,54,78.71,medium,27,0.0,False,0.0
COL,55,78.692,medium,28,0.0,False,0.0
COL,56,78.489,medium,29,0.0,False,0.0
COL,57,78.426,medium,30,0.0,False,0.0
COL,58,78.249,medium,31,0.0,False,0.0
COL,59,79.063,medium,32,0.0,False,0.0
COL,60,78.687,medium,33,0.0,False,0.0
COL,61,78.878,medium,34,0.0,False,0.0
COL,62,78.214,medium,35,0.0,False,0.0
COL,63,78.877,medium,36,0.0,False,0.0
COL,64,78.379,medium,37,0.0,False,0.0
COL,65,77.338,medium,38,0.0,False,0.0
COL,66,77.517,medium,39,0.0,False,0.0
COL,67,78.018,medium,40,0.0,False,0.0
COL,68,77.1,medium,41,0.0,False,0.0
COL,69,76.703,medium,42,0.0,False,0.0
COL,70,76.707,medium,43,0.0,False,0.0
COL,71,76.256,medium,44,0.0,False,0.0
COL,72,76.135,medium,45,0.0,False,0.0
COL,73,75.669,medium,46,0.0,False,0.0
COL,74,75.564,medium,47,0.0,False,0.0
COL,75,75.92,medium,48,0.0,False,0.0
COL,76,75.435,medium,49,0.0,False,0.0
GAS,1,79.262,medium,1,0.0,True,32.961
GAS,2,79.262,medium,1,0.0,True,29.712000000000003
GAS,3,108.723,medium,1,0.0,False,0.0
GAS,4,91.509,medium,2,0.0,False,0.0
GAS,5,78.864,medium,3,0.0,False,0.0
GAS,6,78.054,medium,4,0.0,False,0.0
GAS,7,79.262,medium,5,0.0,False,0.0
GAS,8,79.262,medium,1,0.0,True,0.0
HAD,1,87.567,medium,1,0.0,False,0.0
HAD,2,106.692,medium,2,0.0,False,0.0
HAD,3,109.414,medium,3,0.0,False,0.0
HAD,4,99.64,medium,4,0.0,False,0.0
HAD,5,80.952,medium,5,0.0,False,0.0
HAD,6,80.143,medium,6,0.0,False,0.0
HAD,7,79.554,medium,7,0.0,False,0.0
HAD,8,78.388,medium,8,0.0,False,0.0
HAD,9,81.968,medium,9,0.0,False,0.0
HAD,10,78.529,medium,10,0.0,False,0.0
HAD,11,78.183,medium,11,0.0,False,0.0
HAD,12,77.376,medium,12,0.0,False,0.0
HAD,13,77.088,medium,13,0.0,False,0.0
HAD,14,77.376,medium,1,0.0,True,16.695999999999998
HAD,15,77.376,soft,1,0.0,True,2.394999999999996
HAD,16,75.981,soft,1,0.0,False,0.0
HAD,17,77.191,soft,2,0.0,False,0.0
HAD,18,76.372,soft,3,0.0,False,0.0
HAD,19,77.376,soft,1,0.0,True,15.947999999999993
HAD,20,77.376,hard,1,0.0,True,1.7989999999999924
HAD,21,76.136,hard,1,0.0,False,0.0
HAD,22,76.357,hard,2,0.0,False,0.0
HAD,23,77.581,hard,3,0.0,False,0.0
HAD,24,77.79,hard,4,0.0,False,0.0
HAD,25,77.832,hard,5,0.0,False,0.0
HAD,26,77.625,hard,6,0.0,False,0.0
HAD,27,76.482,hard,7,0.0,False,0.0
HAD,28,76.441,hard,8,0.0,False,0.0
HAD,29,76.497,hard,9,0.0,False,0.0
HAD,30,76.432,hard,10,0.0,False,0.0
HAD,31,76.289,hard,11,0.0,False,0.0
HAD,32,76.307,hard,12,0.0,False,0.0
HAD,33,76.044,hard,13,0.0,False,0.0
HAD,34,76.07,hard,14,0.0,False,0.0
HAD,35,76.212,hard,15,0.0,False,0.0
HAD,36,76.125,hard,16,0.0,False,0.0
HAD,37,76.419,hard,17,0.0,False,0.0
HAD,38,76.4,hard,18,0.0,False,0.0
HAD,39,76.92,hard,19,0.0,False,0.0
HAD,40,77.025,hard,20,0.0,False,0.0
HAD,41,77.242,hard,21,0.0,False,0.0
HAD,42,79.685,hard,22,0.0,False,0.0
HAD,43,78.924,hard,23,0.0,False,0.0
HAD,44,76.93,hard,24,0.0,False,0.0
HAD,45,77.914,hard,25,0.0,False,0.0
HAD,46,79.607,hard,26,0.0,False,0.0
HAD,47,77.129,hard,27,0.0,False,0.0
HAD,48,77.451,hard,28,0.0,False,0.0
HAD,49,78.076,hard,29,0.0,False,0.0
HAD,50,77.235,hard,30,0.0,False,0.0
HAD,51,78.932,hard,31,0.0,False,0.0
HAD,52,77.718,hard,32,0.0,False,0.0
HAD,53,77.42,hard,33,0.0,False,0.0
HAD,54,79.723,hard,34,0.0,False,0.0
HAD,55,77.863,hard,35,0.0,False,0.0
HAD,56,77.484,hard,36,0.0,False,0.0
HAD,57,77.268,hard,37,0.0,False,0.0
HAD,58,76.984,hard,38,0.0,False,0.0
HAD,59,77.717,hard,39,0.0,False,0.0
HAD,60,78.008,hard,40,0.0,False,0.0
HAD,61,78.069,hard,41,0.0,False,0.0
HAD,62,77.876,hard,42,0.0,False,0.0
HAD,63,78.071,hard,43,0.0,False,0.0
HAD,64,78.299,hard,44,0.0,False,0.0
HAD,65,78.125,hard,45,0.0,False,0.0
HAD,66,77.52,hard,46,0.0,False,0.0
HAD,67,79.017,hard,47,0.0,False,0.0
HAD,68,77.28,hard,48,0.0,False,0.0
HAD,69,76.917,hard,49,0.0,False,0.0
HAD,70,77.002,hard,50,0.0,False,0.0
HAD,71,76.798,hard,51,0.0,False,0.0
HAD,72,76.92,hard,52,0.0,False,0.0
HAD,73,76.724,hard,53,0.0,False,0.0
HAD,74,76.627,hard,54,0.0,False,0.0
HAD,75,76.575,hard,55,0.0,False,0.0
HAD,76,76.633,hard,56,0.0,False,0.0
HAD,77,76.798,hard,57,0.0,False,0.0
HAM,1,89.406,hard,1,1.3144499999999966,False,0.0
HAM,2,111.437,hard,2,0.0,False,0.0
HAM,3,109.212,hard,3,0.0,False,0.0
HAM,4,94.73,hard,4,1.3144499999999966,False,0.0
HAM,5,81.057,hard,5,1.3144499999999966,False,0.0
HAM,6,80.225,hard,6,1.3144499999999966,False,0.0
HAM,7,80.931,hard,7,1.3144499999999966,False,0.0
HAM,8,79.039,hard,8,1.3144499999999966,False,0.0
HAM,9,82.018,hard,9,1.3144499999999966,False,0.0
HAM,10,80.528,hard,10,0.0,False,0.0
HAM,11,77.12,hard,11,1.3144499999999966,False,0.0
HAM,12,77.53,hard,12,1.3144499999999966,False,0.0
HAM,13,76.799,hard,13,0.0,False,0.0
HAM,14,76.151,hard,14,0.0,False,0.0
HAM,15,75.991,hard,15,0.0,False,0.0
HAM,16,75.941,hard,16,0.0,False,0.0
HAM,17,74.977,hard,17,0.0,False,0.0
HAM,18,75.8725,hard,1,0.0,True,15.989499999999992
HAM,19,75.8725,hard,1,0.0,True,2.1694999999999993
HAM,20,75.065,hard,1,0.0,False,0.0
HAM,21,75.75,hard,2,0.0,False,0.0
HAM,22,75.003,hard,3,0.0,False,0.0
HAM,23,75.012,hard,4,0.0,False,0.0
HAM,24,75.212,hard,5,0.0,False,0.0
HAM,25,74.698,hard,6,0.0,False,0.0
HAM,26,74.804,hard,7,0.0,False,0.0
HAM,27,74.533,hard,8,0.0,False,0.0
HAM,28,75.42,hard,9,0.0,False,0.0
HAM,29,76.81,hard,10,0.0,False,0.0
HAM,30,75.884,hard,11,0.0,False,0.0
HAM,31,75.648,hard,12,0.0,False,0.0
HAM,32,75.676,hard,13,0.0,False,0.0
HAM,33,76.536,hard,14,0.0,False,0.0
HAM,34,77.566,hard,15,0.0,False,0.0
HAM,35,77.826,hard,16,0.0,False,0.0
HAM,36,77.218,hard,17,0.0,False,0.0
HAM,37,77.288,hard,18,0.0,False,0.0
HAM,38,75.938,hard,19,0.0,False,0.0
HAM,39,75.446,hard,20,0.0,False,0.0
HAM,40,74.951,hard,21,0.0,False,0.0
HAM,41,75.111,hard,22,0.0,False,0.0
HAM,42,74.984,hard,23,0.0,False,0.0
HAM,43,74.854,hard,24,0.0,False,0.0
HAM,44,74.686,hard,25,0.0,False,0.0
HAM,45,74.849,hard,26,0.0,False,0.0
HAM,46,75.323,hard,27,0.0,False,0.0
HAM,47,75.703,hard,28,0.0,False,0.0
HAM,48,75.113,hard,29,0.0,False,0.0
HAM,49,75.569,hard,30,0.0,False,0.0
HAM,50,75.694,hard,31,0.0,False,0.0
HAM,51,75.559,hard,32,0.0,False,0.0
HAM,52,75.494,hard,33,0.0,False,0.0
HAM,53,76.185,hard,34,0.0,False,0.0
HAM,54,76.217,hard,35,0.0,False,0.0
HAM,55,76.657,hard,36,0.0,False,0.0
HAM,56,75.8725,hard,1,0.0,True,17.6935
HAM,57,75.8725,medium,1,0.0,True,5.595500000000001
HAM,58,78.349,medium,1,0.0,False,0.0
HAM,59,76.686,medium,2,0.0,False,0.0
HAM,60,75.767,medium,3,0.0,False,0.0
HAM,61,75.431,medium,4,0.0,False,0.0
HAM,62,74.916,medium,5,0.0,False,0.0
HAM,63,74.193,medium,6,0.0,False,0.0
HAM,64,76.306,medium,7,0.0,False,0.0
HAM,65,76.238,medium,8,0.0,False,0.0
HAM,66,76.659,medium,9,0.0,False,0.0
HAM,67,76.016,medium,10,0.0,False,0.0
HAM,68,75.861,medium,11,0.0,False,0.0
HAM,69,75.585,medium,12,0.0,False,0.0
HAM,70,75.257,medium,13,0.0,False,0.0
HAM,71,75.088,medium,14,0.0,False,0.0
HAM,72,74.273,medium,15,0.0,False,0.0
HAM,73,74.09,medium,16,0.0,False,0.0
HAM,74,75.388,medium,17,0.0,False,0.0
HAM,75,76.317,medium,18,0.0,False,0.0
HAM,76,76.537,medium,19,0.0,False,0.0
HAM,77,76.522,medium,20,0.0,False,0.0
HAM,78,77.439,medium,21,0.0,False,0.0
HUL,1,92.788,medium,1,0.0,False,0.0
HUL,2,112.404,medium,2,0.0,False,0.0
HUL,3,108.106,medium,3,0.0,False,0.0
HUL,4,96.696,medium,4,0.0,False,0.0
HUL,5,80.475,medium,5,0.0,False,0.0
HUL,6,80.974,medium,6,0.0,False,0.0
HUL,7,81.264,medium,7,0.0,False,0.0
HUL,8,80.3,medium,8,0.0,False,0.0
HUL,9,84.031,medium,9,0.0,False,0.0
HUL,10,81.507,medium,10,0.0,False,0.0
HUL,11,79.404,medium,11,0.0,False,0.0
HUL,12,78.7,medium,1,0.0,True,18.042999999999992
HUL,13,78.7,hard,1,0.0,True,-0.4210000000000065
HUL,14,76.106,hard,1,0.0,False,0.0
HUL,15,76.553,hard,2,0.0,False,0.0
HUL,16,78.317,hard,3,0.0,False,0.0
HUL,17,79.969,hard,4,0.0,False,0.0
HUL,18,78.044,hard,5,0.0,False,0.0
HUL,19,79.058,hard,6,0.0,False,0.0
HUL,20,79.381,hard,7,0.0,False,0.0
HUL,21,78.15,hard,8,0.0,False,0.0
HUL,22,77.509,hard,9,0.0,False,0.0
HUL,23,77.557,hard,10,0.0,False,0.0
HUL,24,77.055,hard,11,0.0,False,0.0
HUL,25,77.538,hard,12,0.0,False,0.0
HUL,26,78.724,hard,13,0.0,False,0.0
HUL,27,79.472,hard,14,0.18404999999999633,False,0.0
HUL,28,79.264,hard,15,0.18404999999999633,False,0.0
HUL,29,79.749,hard,16,0.18404999999999633,False,0.0
HUL,30,80.392,hard,17,0.0,False,0.0
HUL,31,79.889,hard,18,0.18404999999999633,False,0.0
HUL,32,80.602,hard,19,0.18404999999999633,False,0.0
HUL,33,77.84,hard,20,0.18404999999999633,False,0.0
HUL,34,78.4,hard,21,0.18404999999999633,False,0.0
HUL,35,80.594,hard,22,0.18404999999999633,False,0.0
HUL,36,78.642,hard,23,0.18404999999999633,False,0.0
HUL,37,78.904,hard,24,0.18404999999999633,False,0.0
HUL,38,78.272,hard,25,0.18404999999999633,False,0.0
HUL,39,78.876,hard,26,0.18404999999999633,False,0.0
HUL,40,78.804,hard,27,0.18404999999999633,False,0.0
HUL,41,78.575,hard,28,0.18404999999999633,False,0.0
HUL,42,77.315,hard,29,0.18404999999999633,False,0.0
HUL,43,77.929,hard,30,0.18404999999999633,False,0.0
HUL,44,78.7,hard,1,0.0,True,16.926999999999992
HUL,45,78.7,soft,1,0.0,True,0.367999999999995
HUL,46,75.909,soft,1,0.0,False,0.0
HUL,47,75.223,soft,2,0.0,False,0.0
HUL,48,76.246,soft,3,0.0,False,0.0
HUL,49,78.676,soft,4,0.0,False,0.0
HUL,50,76.425,soft,5,0.0,False,0.0
HUL,51,81.177,soft,6,0.0,False,0.0
HUL,52,80.376,soft,7,0.0,False,0.0
HUL,53,79.628,soft,8,0.0,False,0.0
HUL,54,78.841,soft,9,0.0,False,0.0
HUL,55,79.155,soft,10,0.0,False,0.0
HUL,56,77.976,soft,11,0.0,False,0.0
HUL,57,78.661,soft,12,0.0,False,0.0
HUL,58,77.942,soft,13,0.0,False,0.0
HUL,59,79.287,soft,14,0.0,False,0.0
HUL,60,78.508,soft,15,0.0,False,0.0
HUL,61,79.041,soft,16,0.0,False,0.0
HUL,62,81.565,soft,17,0.0,False,0.0
HUL,63,79.206,soft,18,0.0,False,0.0
HUL,64,80.147,soft,19,0.0,False,0.0
HUL,65,77.571,soft,20,0.0,False,0.0
HUL,66,76.934,soft,21,0.0,False,0.0
HUL,67,77.445,soft,22,0.0,False,0.0
HUL,68,77.717,soft,23,0.0,False,0.0
HUL,69,76.974,soft,24,0.0,False,0.0
HUL,70,76.741,soft,25,0.0,False,0.0
HUL,71,76.602,soft,26,0.0,False,0.0
HUL,72,76.682,soft,27,0.0,False,0.0
HUL,73,76.717,soft,28,0.0,False,0.0
HUL,74,77.411,soft,29,0.0,False,0.0
HUL,75,76.504,soft,30,0.0,False,0.0
HUL,76,78.954,soft,31,0.15,False,0.0
LAW,1,90.523,medium,1,0.40139999999999815,False,0.0
LAW,2,112.308,medium,2,0.0,False,0.0
LAW,3,108.504,medium,3,0.40139999999999815,False,0.0
LAW,4,95.354,medium,4,0.40139999999999815,False,0.0
LAW,5,80.766,medium,5,0.40139999999999815,False,0.0
LAW,6,81.542,medium,6,0.0,False,0.0
LAW,7,81.507,medium,7,0.0,False,0.0
LAW,8,80.351,medium,8,0.0,False,0.0
LAW,9,84.55,medium,9,0.0,False,0.0
LAW,10,81.421,medium,10,0.0,False,0.0
LAW,11,79.348,medium,11,0.0,False,0.0
LAW,12,79.771,medium,12,0.0,False,0.0
LAW,13,79.391,medium,13,0.0,False,0.0
LAW,14,79.572,medium,14,0.0,False,0.0
LAW,15,80.161,medium,15,0.0,False,0.0
LAW,16,80.692,medium,16,0.0,False,0.0
LAW,17,80.979,medium,17,0.0,False,0.0
LAW,18,80.225,medium,18,0.0,False,0.0
LAW,19,79.333,medium,19,0.0,False,0.0
LAW,20,77.398,medium,20,0.0,False,0.0
LAW,21,77.057,medium,21,0.0,False,0.0
LAW,22,76.734,medium,22,0.0,False,0.0
LAW,23,76.784,medium,23,0.0,False,0.0
LAW,24,76.712,medium,24,0.0,False,0.0
LAW,25,77.59,medium,25,0.0,False,0.0
LAW,26,77.456,medium,26,0.0,False,0.0
LAW,27,77.04,medium,27,0.0,False,0.0
LAW,28,76.902,medium,28,0.0,False,0.0
LAW,29,76.74,medium,29,0.0,False,0.0
LAW,30,76.607,medium,30,0.0,False,0.0
LAW,31,76.955,medium,1,0.0,True,16.576000000000008
LAW,32,76.955,soft,1,0.33434999999999776,True,2.245999999999995
LAW,33,78.285,soft,1,0.0,False,0.0
LAW,34,76.425,soft,2,0.0,False,0.0
LAW,35,75.942,soft,3,0.0,False,0.0
LAW,36,80.271,soft,4,0.0,False,0.0
LAW,37,75.89,soft,5,0.0,False,0.0
LAW,38,75.964,soft,6,0.0,False,0.0
LAW,39,75.8,soft,7,0.0,False,0.0
LAW,40,76.955,soft,1,0.0,True,15.512
LAW,41,76.955,hard,1,0.0,True,3.9279999999999973
LAW,42,76.743,hard,1,0.0,False,0.0
LAW,43,75.931,hard,2,0.0,False,0.0
LAW,44,75.958,hard,3,0.0,False,0.0
LAW,45,75.605,hard,4,0.0,False,0.0
LAW,46,75.476,hard,5,0.0,False,0.0
LAW,47,75.461,hard,6,0.0,False,0.0
LAW,48,75.418,hard,7,0.0,False,0.0
LAW,49,75.567,hard,8,0.0,False,0.0
LAW,50,75.479,hard,9,0.0,False,0.0
LAW,51,75.399,hard,10,0.0,False,0.0
LAW,52,75.377,hard,11,0.0,False,0.0
LAW,53,75.356,hard,12,0.0,False,0.0
LAW,54,75.321,hard,13,0.0,False,0.0
LAW,55,75.597,hard,14,0.0,False,0.0
LAW,56,76.96,hard,15,0.0,False,0.0
LAW,57,76.583,hard,16,0.0,False,0.0
LAW,58,77.684,hard,17,0.0,False,0.0
LAW,59,76.772,hard,18,0.0,False,0.0
LAW,60,76.672,hard,19,0.0,False,0.0
LAW,61,76.173,hard,20,0.0,False,0.0
LAW,62,76.864,hard,21,0.0,False,0.0
LAW,63,77.611,hard,22,0.0,False,0.0
LAW,64,77.155,hard,23,0.0,False,0.0
LAW,65,79.159,hard,24,0.0,False,0.0
LAW,66,76.955,hard,25,0.40139999999999815,False,0.0
LAW,67,77.409,hard,26,0.0,False,0.0
LAW,68,77.363,hard,27,0.40139999999999815,False,0.0
LAW,69,77.136,hard,28,0.0,False,0.0
LAW,70,76.905,hard,29,0.40139999999999815,False,0.0
LAW,71,77.053,hard,30,0.0,False,0.0
LAW,72,76.392,hard,31,0.40139999999999815,False,0.0
LAW,73,76.597,hard,32,0.40139999999999815,False,0.0
LAW,74,77.066,hard,33,0.0,False,0.0
LAW,75,76.757,hard,34,0.0,False,0.0
LAW,76,76.028,hard,35,0.40139999999999815,False,0.0
LAW,77,76.63,hard,36,0.40139999999999815,False,0.0
LEC,1,84.481,medium,1,0.0,False,0.0
LEC,2,104.769,medium,2,0.0,False,0.0
LEC,3,108.805,medium,3,0.0,False,0.0
LEC,4,101.248,medium,4,0.0,False,0.0
LEC,5,78.801,medium,5,0.0,False,0.0
LEC,6,79.267,medium,6,0.0,False,0.0
LEC,7,78.656,medium,7,0.0,False,0.0
LEC,8,77.99,medium,8,0.0,False,0.0
LEC,9,81.212,medium,9,0.0,False,0.0
LEC,10,79.912,medium,10,0.0,False,0.0
LEC,11,79.89,medium,11,0.0,False,0.0
LEC,12,76.439,medium,12,0.0,False,0.0
LEC,13,76.207,medium,13,0.0,False,0.0
LEC,14,76.63,medium,14,0.0,False,0.0
LEC,15,76.042,medium,15,0.0,False,0.0
LEC,16,75.743,medium,16,0.0,False,0.0
LEC,17,75.268,medium,17,0.0,False,0.0
LEC,18,74.821,medium,18,0.0,False,0.0
LEC,19,75.516,medium,19,0.0,False,0.0
LEC,20,74.807,medium,20,0.0,False,0.0
LEC,21,75.782,medium,21,0.0,False,0.0
LEC,22,75.4,medium,1,0.0,True,17.012
LEC,23,75.4,hard,1,0.0,True,4.698999999999998
LEC,24,76.02,hard,1,0.0,False,0.0
LEC,25,74.618,hard,2,0.0,False,0.0
LEC,26,74.714,hard,3,0.0,False,0.0
LEC,27,74.819,hard,4,0.0,False,0.0
LEC,28,74.849,hard,5,0.0,False,0.0
LEC,29,74.205,hard,6,0.0,False,0.0
LEC,30,75.131,hard,7,0.0,False,0.0
LEC,31,76.773,hard,8,0.0,False,0.0
LEC,32,76.418,hard,9,0.0,False,0.0
LEC,33,75.515,hard,10,0.0,False,0.0
LEC,34,74.98,hard,11,0.0,False,0.0
LEC,35,74.349,hard,12,0.0,False,0.0
LEC,36,74.055,hard,13,0.0,False,0.0
LEC,37,74.105,hard,14,0.0,False,0.0
LEC,38,74.57,hard,15,0.0,False,0.0
LEC,39,74.14,hard,16,0.0,False,0.0
LEC,40,74.056,hard,17,0.0,False,0.0
LEC,41,74.835,hard,18,0.0,False,0.0
LEC,42,75.133,hard,19,0.0,False,0.0
LEC,43,74.556,hard,20,0.0,False,0.0
LEC,44,74.265,hard,21,0.0,False,0.0
LEC,45,74.21,hard,22,0.0,False,0.0
LEC,46,74.339,hard,23,0.0,False,0.0
LEC,47,74.534,hard,24,0.0,False,0.0
LEC,48,74.731,hard,25,0.0,False,0.0
LEC,49,75.4,hard,1,0.0,True,16.576999999999998
LEC,50,75.4,medium,1,0.0,True,1.6999999999999886
LEC,51,74.368,medium,1,0.0,False,0.0
LEC,52,74.421,medium,2,0.0,False,0.0
LEC,53,75.407,medium,3,0.0,False,0.0
LEC,54,77.108,medium,4,0.0,False,0.0
LEC,55,74.497,medium,5,0.0,False,0.0
LEC,56,74.342,medium,6,0.0,False,0.0
LEC,57,74.442,medium,7,0.0,False,0.0
LEC,58,74.566,medium,8,0.0,False,0.0
LEC,59,74.707,medium,9,0.0,False,0.0
LEC,60,75.441,medium,10,0.0,False,0.0
LEC,61,75.405,medium,11,0.0,False,0.0
LEC,62,75.646,medium,12,0.0,False,0.0
LEC,63,75.365,medium,13,0.0,False,0.0
LEC,64,75.269,medium,14,0.0,False,0.0
LEC,65,75.395,medium,15,0.0,False,0.0
LEC,66,74.915,medium,16,0.0,False,0.0
LEC,67,74.925,medium,17,0.0,False,0.0
LEC,68,75.636,medium,18,0.0,False,0.0
LEC,69,76.104,medium,19,0.0,False,0.0
LEC,70,76.05,medium,20,0.0,False,0.0
LEC,71,76.31,medium,21,0.0,False,0.0
LEC,72,76.479,medium,22,0.0,False,0.0
LEC,73,76.349,medium,23,0.0,False,0.0
LEC,74,76.248,medium,24,0.0,False,0.0
LEC,75,76.343,medium,25,0.0,False,0.0
LEC,76,75.963,medium,26,0.0,False,0.0
LEC,77,76.11,medium,27,0.0,False,0.0
LEC,78,75.369,medium,28,0.0,False,0.0
NOR,1,83.34,medium,1,0.0,False,0.0
NOR,2,104.634,medium,2,0.0,False,0.0
NOR,3,109.015,medium,3,0.0,False,0.0
NOR,4,101.564,medium,4,0.0,False,0.0
NOR,5,78.05,medium,5,0.0,False,0.0
NOR,6,79.172,medium,6,0.0,False,0.0
NOR,7,78.47,medium,7,0.0,False,0.0
NOR,8,77.626,medium,8,0.0,False,0.0
NOR,9,82.148,medium,9,0.0,False,0.0
NOR,10,80.385,medium,10,0.0,False,0.0
NOR,11,79.771,medium,11,0.0,False,0.0
NOR,12,76.3,medium,12,0.0,False,0.0
NOR,13,75.988,medium,13,0.0,False,0.0
NOR,14,76.122,medium,14,0.0,False,0.0
NOR,15,75.673,medium,15,0.0,False,0.0
NOR,16,74.914,medium,16,0.0,False,0.0
NOR,17,74.659,medium,17,0.0,False,0.0
NOR,18,75.28,medium,18,0.0,False,0.0
NOR,19,75.307,medium,1,0.0,True,16.947000000000003
NOR,20,75.307,hard,1,0.0,True,2.725999999999999
NOR,21,75.259,hard,1,0.0,False,0.0
NOR,22,74.846,hard,2,0.0,False,0.0
NOR,23,75.315,hard,3,0.0,False,0.0
NOR,24,75.22,hard,4,0.0,False,0.0
NOR,25,74.4,hard,5,0.0,False,0.0
NOR,26,74.727,hard,6,0.0,False,0.0
NOR,27,74.622,hard,7,0.0,False,0.0
NOR,28,74.618,hard,8,0.0,False,0.0
NOR,29,75.777,hard,9,0.0,False,0.0
NOR,30,77.259,hard,10,0.0,False,0.0
NOR,31,76.797,hard,11,0.0,False,0.0
NOR,32,74.711,hard,12,0.0,False,0.0
NOR,33,74.642,hard,13,0.0,False,0.0
NOR,34,74.689,hard,14,0.0,False,0.0
NOR,35,74.184,hard,15,0.0,False,0.0
NOR,36,74.785,hard,16,0.0,False,0.0
NOR,37,74.67,hard,17,0.0,False,0.0
NOR,38,74.907,hard,18,0.0,False,0.0
NOR,39,74.141,hard,19,0.0,False,0.0
NOR,40,75.237,hard,20,0.0,False,0.0
NOR,41,74.026,hard,21,0.0,False,0.0
NOR,42,74.419,hard,22,0.0,False,0.0
NOR,43,74.174,hard,23,0.0,False,0.0
NOR,44,73.872,hard,24,0.0,False,0.0
NOR,45,74.384,hard,25,0.0,False,0.0
NOR,46,74.177,hard,26,0.0,False,0.0
NOR,47,74.357,hard,27,0.0,False,0.0
NOR,48,75.701,hard,28,0.0,False,0.0
NOR,49,76.684,hard,29,0.0,False,0.0
NOR,50,75.307,hard,1,0.0,True,15.585999999999999
NOR,51,75.307,hard,1,0.0,True,2.9299999999999926
NOR,52,75.039,hard,1,0.0,False,0.0
NOR,53,75.848,hard,2,0.0,False,0.0
NOR,54,76.308,hard,3,0.0,False,0.0
NOR,55,74.993,hard,4,0.0,False,0.0
NOR,56,74.821,hard,5,0.0,False,0.0
NOR,57,74.676,hard,6,0.0,False,0.0
NOR,58,75.159,hard,7,0.15,False,0.0
NOR,59,75.107,hard,8,0.15,False,0.0
NOR,60,75.584,hard,9,0.0,False,0.0
NOR,61,75.199,hard,10,0.0,False,0.0
NOR,62,75.514,hard,11,0.0,False,0.0
NOR,63,75.301,hard,12,0.0,False,0.0
NOR,64,75.313,hard,13,0.0,False,0.0
NOR,65,75.478,hard,14,0.0,False,0.0
NOR,66,74.968,hard,15,0.0,False,0.0
NOR,67,75.007,hard,16,0.0,False,0.0
NOR,68,75.615,hard,17,0.15,False,0.0
NOR,69,75.984,hard,18,0.15,False,0.0
NOR,70,76.238,hard,19,0.0,False,0.0
NOR,71,76.362,hard,20,0.0,False,0.0
NOR,72,76.38,hard,21,0.0,False,0.0
NOR,73,76.355,hard,22,0.0,False,0.0
NOR,74,76.287,hard,23,0.0,False,0.0
NOR,75,76.405,hard,24,0.0,False,0.0
NOR,76,75.836,hard,25,0.0,False,0.0
NOR,77,75.717,hard,26,0.0,False,0.0
NOR,78,73.221,hard,27,0.0,False,0.0
OCO,1,89.926,medium,1,0.0,False,0.0
OCO,2,111.527,medium,2,0.0,False,0.0
OCO,3,109.187,medium,3,0.0,False,0.0
OCO,4,95.23,medium,4,0.0,False,0.0
OCO,5,80.666,medium,5,0.0,False,0.0
OCO,6,80.506,medium,6,0.0,False,0.0
OCO,7,80.545,medium,7,0.0,False,0.0
OCO,8,79.207,medium,8,0.0,False,0.0
OCO,9,82.712,medium,9,0.0,False,0.0
OCO,10,80.33,medium,10,0.0,False,0.0
OCO,11,77.319,medium,11,0.0,False,0.0
OCO,12,77.358,medium,12,0.0,False,0.0
OCO,13,77.241,medium,13,0.0,False,0.0
OCO,14,76.453,medium,14,0.0,False,0.0
OCO,15,76.577,medium,15,0.0,False,0.0
OCO,16,77.401,medium,1,0.0,True,17.539
OCO,17,77.401,medium,1,0.0,True,1.4000000000000057
OCO,18,75.774,medium,1,0.0,False,0.0
OCO,19,76.74,medium,2,0.0,False,0.0
OCO,20,76.599,medium,3,0.0,False,0.0
OCO,21,77.503,medium,4,0.0,False,0.0
OCO,22,78.5,medium,5,0.0,False,0.0
OCO,23,78.075,medium,6,0.0,False,0.0
OCO,24,77.911,medium,7,0.0,False,0.0
OCO,25,77.72,medium,8,0.0,False,0.0
OCO,26,76.527,medium,9,0.0,False,0.0
OCO,27,76.705,medium,10,0.0,False,0.0
OCO,28,77.401,medium,1,0.0,True,16.604
OCO,29,77.401,hard,1,0.0,True,2.0870000000000033
OCO,30,75.796,hard,1,0.0,False,0.0
OCO,31,75.43,hard,2,0.0,False,0.0
OCO,32,75.503,hard,3,0.0,False,0.0
OCO,33,75.22,hard,4,0.0,False,0.0
OCO,34,75.157,hard,5,0.0,False,0.0
OCO,35,75.846,hard,6,0.0,False,0.0
OCO,36,76.149,hard,7,0.0,False,0.0
OCO,37,77.197,hard,8,0.0,False,0.0
OCO,38,76.298,hard,9,0.0,False,0.0
OCO,39,78.41,hard,10,0.0,False,0.0
OCO,40,76.525,hard,11,0.0,False,0.0
OCO,41,78.126,hard,12,0.0,False,0.0
OCO,42,76.24,hard,13,0.0,False,0.0
OCO,43,76.584,hard,14,0.0,False,0.0
OCO,44,77.324,hard,15,0.0,False,0.0
OCO,45,78.452,hard,16,0.0,False,0.0
OCO,46,77.007,hard,17,0.0,False,0.0
OCO,47,77.341,hard,18,0.0,False,0.0
OCO,48,78.068,hard,19,0.0,False,0.0
OCO,49,78.235,hard,20,0.0,False,0.0
OCO,50,77.902,hard,21,0.0,False,0.0
OCO,51,78.424,hard,22,0.0,False,0.0
OCO,52,77.45,hard,23,0.0,False,0.0
OCO,53,79.133,hard,24,0.0,False,0.0
OCO,54,77.744,hard,25,0.0,False,0.0
OCO,55,78.492,hard,26,0.0,False,0.0
OCO,56,77.541,hard,27,0.0,False,0.0
OCO,57,77.871,hard,28,0.0,False,0.0
OCO,58,77.184,hard,29,0.0,False,0.0
OCO,59,77.137,hard,30,0.0,False,0.0
OCO,60,77.606,hard,31,0.0,False,0.0
OCO,61,77.644,hard,32,0.0,False,0.0
OCO,62,77.67,hard,33,0.0,False,0.0
OCO,63,78.295,hard,34,0.0,False,0.0
OCO,64,77.903,hard,35,0.0,False,0.0
OCO,65,78.271,hard,36,0.0,False,0.0
OCO,66,78.81,hard,37,0.0,False,0.0
OCO,67,77.401,hard,38,0.0,False,0.0
OCO,68,77.467,hard,39,0.0,False,0.0
OCO,69,76.985,hard,40,0.0,False,0.0
OCO,70,77.069,hard,41,0.0,False,0.0
OCO,71,76.828,hard,42,0.0,False,0.0
OCO,72,76.768,hard,43,0.0,False,0.0
OCO,73,76.652,hard,44,0.0,False,0.0
OCO,74,76.58,hard,45,0.0,False,0.0
OCO,75,76.714,hard,46,0.0,False,0.0
OCO,76,76.604,hard,47,0.0,False,0.0
OCO,77,76.747,hard,48,0.0,False,0.0
PIA,1,86.141,medium,1,0.0,False,0.0
PIA,2,106.466,medium,2,0.0,False,0.0
PIA,3,108.176,medium,3,0.0,False,0.0
PIA,4,100.676,medium,4,0.0,False,0.0
PIA,5,80.048,medium,5,0.0,False,0.0
PIA,6,79.793,medium,6,0.0,False,0.0
PIA,7,79.261,medium,7,0.0,False,0.0
PIA,8,78.029,medium,8,0.0,False,0.0
PIA,9,82.281,medium,9,0.0,False,0.0
PIA,10,79.16,medium,10,0.0,False,0.0
PIA,11,77.335,medium,11,0.0,False,0.0
PIA,12,77.393,medium,12,0.0,False,0.0
PIA,13,76.748,medium,13,0.0,False,0.0
PIA,14,76.412,medium,14,0.0,False,0.0
PIA,15,75.522,medium,15,0.0,False,0.0
PIA,16,75.643,medium,16,0.0,False,0.0
PIA,17,75.457,medium,17,0.0,False,0.0
PIA,18,74.934,medium,18,0.0,False,0.0
PIA,19,75.049,medium,19,0.0,False,0.0
PIA,20,75.20849999999999,medium,1,0.0,True,18.511500000000012
PIA,21,75.20849999999999,hard,1,0.0,True,2.805500000000009
PIA,22,73.818,hard,1,0.0,False,0.0
PIA,23,77.79,hard,2,0.0,False,0.0
PIA,24,75.487,hard,3,0.0,False,0.0
PIA,25,74.94,hard,4,0.0,False,0.0
PIA,26,74.96,hard,5,0.0,False,0.0
PIA,27,74.772,hard,6,0.0,False,0.0
PIA,28,75.556,hard,7,0.0,False,0.0
PIA,29,74.736,hard,8,0.0,False,0.0
PIA,30,74.868,hard,9,0.0,False,0.0
PIA,31,75.735,hard,10,0.0,False,0.0
PIA,32,76.822,hard,11,0.0,False,0.0
PIA,33,76.325,hard,12,0.0,False,0.0
PIA,34,75.947,hard,13,0.0,False,0.0
PIA,35,74.819,hard,14,0.0,False,0.0
PIA,36,75.107,hard,15,0.0,False,0.0
PIA,37,75.396,hard,16,0.0,False,0.0
PIA,38,74.475,hard,17,0.0,False,0.0
PIA,39,74.594,hard,18,0.0,False,0.0
PIA,40,74.344,hard,19,0.0,False,0.0
PIA,41,74.297,hard,20,0.0,False,0.0
PIA,42,74.137,hard,21,0.0,False,0.0
PIA,43,75.181,hard,22,0.0,False,0.0
PIA,44,74.676,hard,23,0.0,False,0.0
PIA,45,75.124,hard,24,0.0,False,0.0
PIA,46,74.875,hard,25,0.0,False,0.0
PIA,47,74.092,hard,26,0.0,False,0.0
PIA,48,75.20849999999999,hard,1,0.0,True,15.81950000000002
PIA,49,75.20849999999999,hard,1,0.0,True,3.252500000000012
PIA,50,74.121,hard,1,0.0,False,0.0
PIA,51,74.713,hard,2,0.0,False,0.0
PIA,52,74.087,hard,3,0.0,False,0.0
PIA,53,74.004,hard,4,0.0,False,0.0
PIA,54,74.703,hard,5,0.0,False,0.0
PIA,55,76.244,hard,6,0.0,False,0.0
PIA,56,75.113,hard,7,0.0,False,0.0
PIA,57,74.81,hard,8,0.0,False,0.0
PIA,58,74.83,hard,9,0.0,False,0.0
PIA,59,73.916,hard,10,0.0,False,0.0
PIA,60,73.745,hard,11,0.0,False,0.0
PIA,61,74.485,hard,12,0.0,False,0.0
PIA,62,75.213,hard,13,0.0,False,0.0
PIA,63,74.381,hard,14,0.0,False,0.0
PIA,64,75.204,hard,15,0.0,False,0.0
PIA,65,74.661,hard,16,0.0,False,0.0
PIA,66,75.106,hard,17,0.0,False,0.0
PIA,67,75.014,hard,18,0.0,False,0.0
PIA,68,75.26,hard,19,0.0,False,0.0
PIA,69,75.638,hard,20,0.0,False,0.0
PIA,70,75.899,hard,21,0.0,False,0.0
PIA,71,75.595,hard,22,0.0,False,0.0
PIA,72,76.141,hard,23,0.17235000000001718,False,0.0
PIA,73,76.214,hard,24,0.17235000000001718,False,0.0
PIA,74,76.193,hard,25,0.17235000000001718,False,0.0
PIA,75,76.139,hard,26,0.17235000000001718,False,0.0
PIA,76,75.909,hard,27,0.17235000000001718,False,0.0
PIA,77,76.523,hard,28,0.17235000000001718,False,0.0
PIA,78,75.02,hard,29,0.17235000000001718,False,0.0
RUS,1,94.077,hard,1,0.0,False,0.0
RUS,2,111.593,hard,2,0.0,False,0.0
RUS,3,108.563,hard,3,0.0,False,0.0
RUS,4,96.667,hard,4,0.0,False,0.0
RUS,5,80.576,hard,5,0.0,False,0.0
RUS,6,80.75,hard,6,0.0,False,0.0
RUS,7,81.214,hard,7,0.0,False,0.0
RUS,8,80.793,hard,8,0.0,False,0.0
RUS,9,83.39,hard,9,0.0,False,0.0
RUS,10,81.501,hard,10,0.0,False,0.0
RUS,11,79.853,hard,11,0.0,False,0.0
RUS,12,79.726,hard,12,0.0,False,0.0
RUS,13,78.901,hard,13,0.0,False,0.0
RUS,14,79.247,hard,14,0.0,False,0.0
RUS,15,79.764,hard,15,0.0,False,0.0
RUS,16,80.766,hard,16,0.0,False,0.0
RUS,17,81.057,hard,17,0.0,False,0.0
RUS,18,80.126,hard,18,0.0,False,0.0
RUS,19,79.629,hard,19,0.0,False,0.0
RUS,20,78.513,hard,20,0.0,False,0.0
RUS,21,77.775,hard,21,0.0,False,0.0
RUS,22,77.301,hard,22,0.0,False,0.0
RUS,23,76.9,hard,23,0.0,False,0.0
RUS,24,76.935,hard,24,0.0,False,0.0
RUS,25,79.216,hard,25,0.0,False,0.0
RUS,26,79.491,hard,26,0.0,False,0.0
RUS,27,79.453,hard,27,0.0,False,0.0
RUS,28,79.673,hard,28,0.0,False,0.0
RUS,29,79.247,hard,29,0.0,False,0.0
RUS,30,80.514,hard,30,0.0,False,0.0
RUS,31,78.068,hard,31,0.0,False,0.0
RUS,32,79.384,hard,32,0.0,False,0.0
RUS,33,81.135,hard,33,0.0,False,0.0
RUS,34,78.936,hard,34,0.0,False,0.0
RUS,35,79.219,hard,35,0.0,False,0.0
RUS,36,79.952,hard,36,0.0,False,0.0
RUS,37,78.925,hard,37,0.0,False,0.0
RUS,38,78.468,hard,38,0.0,False,0.0
RUS,39,78.865,hard,39,0.0,False,0.0
RUS,40,78.936,hard,40,0.0,False,0.0
RUS,41,77.272,hard,41,0.0,False,0.0
RUS,42,77.617,hard,42,0.0,False,0.0
RUS,43,78.494,hard,43,0.0,False,0.0
RUS,44,79.072,hard,44,0.0,False,0.0
RUS,45,79.192,hard,45,0.0,False,0.0
RUS,46,79.289,hard,46,0.0,False,0.0
RUS,47,79.959,hard,47,0.0,False,0.0
RUS,48,77.477,hard,48,0.0,False,0.0
RUS,49,77.379,hard,49,0.0,False,0.0
RUS,50,75.966,hard,50,0.0,False,0.0
RUS,51,76.095,hard,51,0.0,False,0.0
RUS,52,76.023,hard,52,0.0,False,0.0
RUS,53,78.913,hard,1,0.0,True,9.02000000000001
RUS,54,78.913,medium,1,0.0,True,1.8689999999999998
RUS,55,76.455,medium,1,0.0,False,0.0
RUS,56,78.479,medium,2,0.0,False,0.0
RUS,57,76.715,medium,3,0.0,False,0.0
RUS,58,76.037,medium,4,0.0,False,0.0
RUS,59,76.082,medium,5,0.0,False,0.0
RUS,60,76.207,medium,6,0.0,False,0.0
RUS,61,75.998,medium,7,0.0,False,0.0
RUS,62,78.913,medium,1,0.0,True,15.165000000000006
RUS,63,78.913,medium,1,0.0,True,-1.152000000000001
RUS,64,73.864,medium,1,0.0,False,0.0
RUS,65,74.28,medium,2,0.0,False,0.0
RUS,66,73.918,medium,3,0.0,False,0.0
RUS,67,73.483,medium,4,0.0,False,0.0
RUS,68,78.913,medium,1,0.0,True,12.164000000000001
RUS,69,78.913,hard,1,0.0,True,-0.7939999999999969
RUS,70,74.303,hard,1,0.0,False,0.0
RUS,71,74.053,hard,2,0.0,False,0.0
RUS,72,73.865,hard,3,0.0,False,0.0
RUS,73,73.596,hard,4,0.0,False,0.0
RUS,74,73.405,hard,5,0.0,False,0.0
RUS,75,73.773,hard,6,0.0,False,0.0
RUS,76,74.49,hard,7,0.0,False,0.0
SAI,1,92.413,hard,1,0.0,False,0.0
SAI,2,111.609,hard,2,0.0,False,0.0
SAI,3,108.386,hard,3,0.0,False,0.0
SAI,4,96.808,hard,4,0.0,False,0.0
SAI,5,80.58,hard,5,0.0,False,0.0
SAI,6,81.056,hard,6,0.0,False,0.0
SAI,7,81.577,hard,7,0.0,False,0.0
SAI,8,80.384,hard,8,0.0,False,0.0
SAI,9,83.673,hard,9,0.0,False,0.0
SAI,10,81.668,hard,10,0.0,False,0.0
SAI,11,79.43,hard,11,0.0,False,0.0
SAI,12,80.134,hard,12,0.0,False,0.0
SAI,13,79.149,hard,13,0.0,False,0.0
SAI,14,79.429,hard,14,0.0,False,0.0
SAI,15,79.999,hard,15,0.0,False,0.0
SAI,16,80.697,hard,16,0.0,False,0.0
SAI,17,81.06,hard,17,0.0,False,0.0
SAI,18,80.143,hard,18,0.0,False,0.0
SAI,19,79.522,hard,19,0.0,False,0.0
SAI,20,77.855,hard,20,0.0,False,0.0
SAI,21,77.461,hard,21,0.0,False,0.0
SAI,22,77.064,hard,22,0.0,False,0.0
SAI,23,76.75,hard,23,0.0,False,0.0
SAI,24,77.018,hard,24,0.0,False,0.0
SAI,25,80.726,hard,25,0.0,False,0.0
SAI,26,79.31,hard,26,0.0,False,0.0
SAI,27,79.588,hard,27,0.0,False,0.0
SAI,28,79.617,hard,28,0.0,False,0.0
SAI,29,79.113,hard,29,0.0,False,0.0
SAI,30,80.644,hard,30,0.0,False,0.0
SAI,31,77.277,hard,31,0.0,False,0.0
SAI,32,80.054,hard,32,0.0,False,0.0
SAI,33,80.878,hard,33,0.0,False,0.0
SAI,34,79.22,hard,34,0.0,False,0.0
SAI,35,79.464,hard,35,0.0,False,0.0
SAI,36,79.778,hard,36,0.0,False,0.0
SAI,37,78.753,hard,37,0.0,False,0.0
SAI,38,78.526,hard,38,0.0,False,0.0
SAI,39,78.819,hard,39,0.0,False,0.0
SAI,40,78.988,hard,40,0.0,False,0.0
SAI,41,76.822,hard,41,0.0,False,0.0
SAI,42,76.706,hard,42,0.0,False,0.0
SAI,43,75.881,hard,43,0.0,False,0.0
SAI,44,76.059,hard,44,0.0,False,0.0
SAI,45,76.124,hard,45,0.0,False,0.0
SAI,46,76.081,hard,46,0.0,False,0.0
SAI,47,75.516,hard,47,0.0,False,0.0
SAI,48,77.90899999999999,hard,1,0.0,True,14.966000000000008
SAI,49,77.90899999999999,medium,1,0.0,True,1.0530000000000115
SAI,50,75.287,medium,1,0.0,False,0.0
SAI,51,74.496,medium,2,0.0,False,0.0
SAI,52,74.634,medium,3,0.0,False,0.0
SAI,53,77.90899999999999,medium,1,0.0,True,13.537000000000006
SAI,54,77.90899999999999,medium,1,0.0,True,2.7920000000000016
SAI,55,75.399,medium,1,0.0,False,0.0
SAI,56,74.596,medium,2,0.0,False,0.0
SAI,57,75.024,medium,3,0.0,False,0.0
SAI,58,76.214,medium,4,0.0,False,0.0
SAI,59,77.954,medium,5,0.0,False,0.0
SAI,60,76.693,medium,6,0.0,False,0.0
SAI,61,76.622,medium,7,0.0,False,0.0
SAI,62,76.99,medium,8,0.0,False,0.0
SAI,63,77.864,medium,9,0.0,False,0.0
SAI,64,80.206,medium,10,0.0,False,0.0
SAI,65,76.154,medium,11,0.0,False,0.0
SAI,66,74.264,medium,12,0.0,False,0.0
SAI,67,77.001,medium,13,0.0,False,0.0
SAI,68,73.988,medium,14,0.0,False,0.0
SAI,69,76.776,medium,15,0.0,False,0.0
SAI,70,74.36,medium,16,0.0,False,0.0
SAI,71,76.42,medium,17,0.0,False,0.0
SAI,72,75.794,medium,18,0.0,False,0.0
SAI,73,76.53,medium,19,0.0,False,0.0
SAI,74,74.295,medium,20,0.0,False,0.0
SAI,75,74.539,medium,21,0.0,False,0.0
SAI,76,75.182,medium,22,0.0,False,0.0
STR,1,98.018,hard,1,0.0,False,0.0
STR,2,109.806,hard,2,0.0,False,0.0
STR,3,109.353,hard,3,0.0,False,0.0
STR,4,96.353,hard,4,0.0,False,0.0
STR,5,80.285,hard,5,0.0,False,0.0
STR,6,80.306,hard,6,0.0,False,0.0
STR,7,81.196,hard,7,0.0,False,0.0
STR,8,81.663,hard,8,0.0,False,0.0
STR,9,82.321,hard,9,0.0,False,0.0
STR,10,81.708,hard,10,0.0,False,0.0
STR,11,80.118,hard,11,0.0,False,0.0
STR,12,79.565,hard,12,0.0,False,0.0
STR,13,79.387,hard,13,0.0,False,0.0
STR,14,78.472,hard,14,0.0,False,0.0
STR,15,79.347,hard,15,0.27539999999999765,False,0.0
STR,16,80.446,hard,16,0.27539999999999765,False,0.0
STR,17,78.768,hard,1,0.0,True,19.057000000000002
STR,18,78.768,hard,1,0.0,True,0.7950000000000017
STR,19,76.581,hard,1,0.0,False,0.0
STR,20,76.433,hard,2,0.0,False,0.0
STR,21,76.907,hard,3,0.0,False,0.0
STR,22,76.673,hard,4,0.0,False,0.0
STR,23,76.579,hard,5,0.0,False,0.0
STR,24,77.042,hard,6,0.0,False,0.0
STR,25,77.241,hard,7,0.0,False,0.0
STR,26,78.901,hard,8,0.0,False,0.0
STR,27,77.027,hard,9,0.0,False,0.0
STR,28,77.272,hard,10,0.0,False,0.0
STR,29,80.119,hard,11,0.0,False,0.0
STR,30,80.246,hard,12,0.0,False,0.0
STR,31,79.721,hard,13,0.0,False,0.0
STR,32,80.498,hard,14,0.0,False,0.0
STR,33,78.23,hard,15,0.0,False,0.0
STR,34,80.199,hard,16,0.0,False,0.0
STR,35,78.217,hard,17,0.0,False,0.0
STR,36,78.912,hard,18,0.0,False,0.0
STR,37,78.946,hard,19,0.0,False,0.0
STR,38,78.252,hard,20,0.0,False,0.0
STR,39,78.805,hard,21,0.0,False,0.0
STR,40,78.785,hard,22,0.0,False,0.0
STR,41,78.701,hard,23,0.0,False,0.0
STR,42,77.363,hard,24,0.0,False,0.0
STR,43,77.762,hard,25,0.0,False,0.0
STR,44,78.615,hard,26,0.15,False,0.0
STR,45,79.045,hard,27,0.15,False,0.0
STR,46,79.02,hard,28,0.15,False,0.0
STR,47,80.384,hard,29,0.15,False,0.0
STR,48,78.618,hard,30,0.15,False,0.0
STR,49,78.251,hard,31,0.15,False,0.0
STR,50,79.001,hard,32,0.15,False,0.0
STR,51,80.289,hard,33,0.15,False,0.0
STR,52,82.255,hard,34,0.15,False,0.0
STR,53,78.963,hard,35,0.15,False,0.0
STR,54,79.793,hard,36,0.15,False,0.0
STR,55,78.805,hard,37,0.15,False,0.0
STR,56,78.365,hard,38,0.15,False,0.0
STR,57,78.494,hard,39,0.15,False,0.0
STR,58,78.116,hard,40,0.15,False,0.0
STR,59,79.183,hard,41,0.15,False,0.0
STR,60,78.58,hard,42,0.15,False,0.0
STR,61,78.751,hard,43,0.15,False,0.0
STR,62,78.282,hard,44,0.15,False,0.0
STR,63,78.974,hard,45,0.15,False,0.0
STR,64,78.768,hard,1,0.0,True,18.409000000000006
STR,65,78.768,medium,1,0.0,True,-0.8239999999999981
STR,66,74.886,medium,1,0.0,False,0.0
STR,67,74.877,medium,2,0.0,False,0.0
STR,68,75.326,medium,3,0.0,False,0.0
STR,69,75.247,medium,4,0.0,False,0.0
STR,70,76.215,medium,5,0.0,False,0.0
STR,71,76.555,medium,6,0.0,False,0.0
STR,72,76.161,medium,7,0.0,False,0.0
STR,73,75.952,medium,8,0.0,False,0.0
STR,74,77.061,medium,9,0.0,False,0.0
STR,75,76.313,medium,10,0.0,False,0.0
STR,76,77.596,medium,11,0.0,False,0.0
TSU,1,78.9045,soft,1,0.0,True,31.5715
TSU,2,78.9045,hard,1,0.0,True,29.971500000000006
TSU,3,108.545,hard,1,0.0,False,0.0
TSU,4,93.097,hard,2,0.0,False,0.0
TSU,5,78.663,hard,3,0.0,False,0.0
TSU,6,78.281,hard,4,0.0,False,0.0
TSU,7,79.157,hard,5,0.0,False,0.0
TSU,8,83.351,hard,6,0.0,False,0.0
TSU,9,79.611,hard,7,0.0,False,0.0
TSU,10,81.823,hard,8,0.0,False,0.0
TSU,11,80.088,hard,9,0.0,False,0.0
TSU,12,79.637,hard,10,0.0,False,0.0
TSU,13,79.301,hard,11,0.0,False,0.0
TSU,14,78.775,hard,12,0.0,False,0.0
TSU,15,79.086,hard,13,0.0,False,0.0
TSU,16,80.444,hard,14,0.0,False,0.0
TSU,17,81.081,hard,15,0.0,False,0.0
TSU,18,79.608,hard,16,0.15254999999999938,False,0.0
TSU,19,79.752,hard,17,0.15254999999999938,False,0.0
TSU,20,78.896,hard,18,0.15254999999999938,False,0.0
TSU,21,77.885,hard,19,0.15254999999999938,False,0.0
TSU,22,77.395,hard,20,0.15254999999999938,False,0.0
TSU,23,76.933,hard,21,0.15254999999999938,False,0.0
TSU,24,77.026,hard,22,0.15254999999999938,False,0.0
TSU,25,78.413,hard,23,0.15254999999999938,False,0.0
TSU,26,79.53,hard,24,0.15254999999999938,False,0.0
TSU,27,79.565,hard,25,0.15254999999999938,False,0.0
TSU,28,79.786,hard,26,0.15254999999999938,False,0.0
TSU,29,79.313,hard,27,0.15254999999999938,False,0.0
TSU,30,80.165,hard,28,0.15254999999999938,False,0.0
TSU,31,80.088,hard,29,0.15254999999999938,False,0.0
TSU,32,80.951,hard,30,0.0,False,0.0
TSU,33,78.035,hard,31,0.15254999999999938,False,0.0
TSU,34,78.623,hard,32,0.15254999999999938,False,0.0
TSU,35,80.269,hard,33,0.0,False,0.0
TSU,36,78.945,hard,34,0.15254999999999938,False,0.0
TSU,37,78.933,hard,35,0.15254999999999938,False,0.0
TSU,38,78.168,hard,36,0.15254999999999938,False,0.0
TSU,39,78.879,hard,37,0.15254999999999938,False,0.0
TSU,40,78.913,hard,38,0.15254999999999938,False,0.0
TSU,41,78.272,hard,39,0.15254999999999938,False,0.0
TSU,42,77.292,hard,40,0.15254999999999938,False,0.0
TSU,43,78.05,hard,41,0.15254999999999938,False,0.0
TSU,44,78.827,hard,42,0.15254999999999938,False,0.0
TSU,45,79.266,hard,43,0.15254999999999938,False,0.0
TSU,46,79.246,hard,44,0.15254999999999938,False,0.0
TSU,47,80.203,hard,45,0.15254999999999938,False,0.0
TSU,48,78.979,hard,46,0.15254999999999938,False,0.0
TSU,49,77.998,hard,47,0.15254999999999938,False,0.0
TSU,50,79.205,hard,48,0.15254999999999938,False,0.0
TSU,51,80.267,hard,49,0.15254999999999938,False,0.0
TSU,52,81.891,hard,50,0.15254999999999938,False,0.0
TSU,53,79.395,hard,51,0.15254999999999938,False,0.0
TSU,54,79.566,hard,52,0.15254999999999938,False,0.0
TSU,55,78.811,hard,53,0.15254999999999938,False,0.0
TSU,56,78.408,hard,54,0.15254999999999938,False,0.0
TSU,57,78.497,hard,55,0.15254999999999938,False,0.0
TSU,58,78.253,hard,56,0.15254999999999938,False,0.0
TSU,59,79.028,hard,57,0.15254999999999938,False,0.0
TSU,60,78.81,hard,58,0.15254999999999938,False,0.0
TSU,61,78.547,hard,59,0.15254999999999938,False,0.0
TSU,62,78.43,hard,60,0.15254999999999938,False,0.0
TSU,63,78.923,hard,61,0.15254999999999938,False,0.0
TSU,64,78.512,hard,62,0.15254999999999938,False,0.0
TSU,65,77.611,hard,63,0.15254999999999938,False,0.0
TSU,66,77.61,hard,64,0.15254999999999938,False,0.0
TSU,67,75.969,hard,65,0.15254999999999938,False,0.0
TSU,68,75.966,hard,66,0.0,False,0.0
TSU,69,78.332,hard,67,0.0,False,0.0
TSU,70,76.046,hard,68,0.0,False,0.0
TSU,71,75.607,hard,69,0.0,False,0.0
TSU,72,75.32,hard,70,0.0,False,0.0
TSU,73,78.9045,hard,1,0.0,True,13.021500000000003
TSU,74,78.9045,medium,1,0.0,True,0.5625
TSU,75,74.913,medium,1,0.0,False,0.0
TSU,76,75.886,medium,2,0.0,False,0.0
VER,1,87.02,hard,1,0.0,False,0.0
VER,2,106.318,hard,2,0.0,False,0.0
VER,3,108.815,hard,3,0.0,False,0.0
VER,4,100.29,hard,4,0.0,False,0.0
VER,5,80.8,hard,5,0.0,False,0.0
VER,6,80.011,hard,6,0.0,False,0.0
VER,7,78.968,hard,7,0.0,False,0.0
VER,8,77.714,hard,8,0.0,False,0.0
VER,9,81.205,hard,9,0.0,False,0.0
VER,10,79.169,hard,10,0.0,False,0.0
VER,11,77.481,hard,11,0.0,False,0.0
VER,12,78.128,hard,12,0.0,False,0.0
VER,13,77.122,hard,13,0.0,False,0.0
VER,14,76.81,hard,14,0.0,False,0.0
VER,15,76.38,hard,15,0.0,False,0.0
VER,16,75.392,hard,16,0.0,False,0.0
VER,17,75.131,hard,17,0.0,False,0.0
VER,18,75.035,hard,18,0.0,False,0.0
VER,19,75.413,hard,19,0.0,False,0.0
VER,20,75.233,hard,20,0.0,False,0.0
VER,21,75.248,hard,21,0.0,False,0.0
VER,22,75.291,hard,22,0.0,False,0.0
VER,23,75.254,hard,23,0.0,False,0.0
VER,24,75.181,hard,24,0.0,False,0.0
VER,25,75.175,hard,25,0.0,False,0.0
VER,26,76.288,hard,26,0.0,False,0.0
VER,27,76.323,hard,27,0.0,False,0.0
VER,28,75.371,hard,1,0.0,True,17.28
VER,29,75.371,medium,1,0.0,True,3.200000000000003
VER,30,75.074,medium,1,0.0,False,0.0
VER,31,75.133,medium,2,0.0,False,0.0
VER,32,75.424,medium,3,0.0,False,0.0
VER,33,76.213,medium,4,0.0,False,0.0
VER,34,75.8,medium,5,0.0,False,0.0
VER,35,75.33,medium,6,0.0,False,0.0
VER,36,74.976,medium,7,0.0,False,0.0
VER,37,75.025,medium,8,0.0,False,0.0
VER,38,74.677,medium,9,0.0,False,0.0
VER,39,74.785,medium,10,0.0,False,0.0
VER,40,74.421,medium,11,0.0,False,0.0
VER,41,74.39,medium,12,0.0,False,0.0
VER,42,74.456,medium,13,0.0,False,0.0
VER,43,74.567,medium,14,0.0,False,0.0
VER,44,74.38,medium,15,0.0,False,0.0
VER,45,74.23,medium,16,0.0,False,0.0
VER,46,74.897,medium,17,0.0,False,0.0
VER,47,74.859,medium,18,0.0,False,0.0
VER,48,74.538,medium,19,0.0,False,0.0
VER,49,74.261,medium,20,0.0,False,0.0
VER,50,74.426,medium,21,0.0,False,0.0
VER,51,75.165,medium,22,0.0,False,0.0
VER,52,76.328,medium,23,0.0,False,0.0
VER,53,77.547,medium,24,0.0,False,0.0
VER,54,75.872,medium,25,0.0,False,0.0
VER,55,75.62,medium,26,0.0,False,0.0
VER,56,75.33,medium,27,0.0,False,0.0
VER,57,75.418,medium,28,0.0,False,0.0
VER,58,75.247,medium,29,0.0,False,0.0
VER,59,75.35,medium,30,0.0,False,0.0
VER,60,75.088,medium,31,0.0,False,0.0
VER,61,75.064,medium,32,0.0,False,0.0
VER,62,75.13,medium,33,0.0,False,0.0
VER,63,75.088,medium,34,0.0,False,0.0
VER,64,75.24,medium,35,0.0,False,0.0
VER,65,75.122,medium,36,0.0,False,0.0
VER,66,75.214,medium,37,0.0,False,0.0
VER,67,75.551,medium,38,0.0,False,0.0
VER,68,76.273,medium,39,0.0,False,0.0
VER,69,76.063,medium,40,0.0,False,0.0
VER,70,75.812,medium,41,0.0,False,0.0
VER,71,76.058,medium,42,0.0,False,0.0
VER,72,76.072,medium,43,0.0,False,0.0
VER,73,76.221,medium,44,0.0,False,0.0
VER,74,76.349,medium,45,0.0,False,0.0
VER,75,76.344,medium,46,0.0,False,0.0
VER,76,76.468,medium,47,0.0,False,0.0
VER,77,75.371,medium,1,0.0,True,17.961
VER,78,75.371,soft,1,0.0,True,2.399000000000001
